rf_specification,missing_policy,weighting,series,period,hac_lags,calendar_months,coverage,first_observed,last_observed,mean,se,t,n,ci_low,ci_high
rf_minus_zero,complete,equal,lowDS_minus_highDS,full,3,34,0.705882352941,2021-04,2023-12,-0.00164393958193,0.00229789426959,-0.715411324049,24,-0.00614772959061,0.00285985042675
rf_minus_zero,complete,value,lowDS_minus_highDS,full,3,34,0.705882352941,2021-04,2023-12,-0.00130141739516,0.00412594603662,-0.31542278634,24,-0.00938812302908,0.00678528823877
rf_on_common,complete,equal,lowDS_minus_highDS,full,3,34,0.705882352941,2021-04,2023-12,0.00317308718664,0.0208935034178,0.151869560752,24,-0.0377774270232,0.0441236013965
rf_on_common,complete,value,lowDS_minus_highDS,full,3,34,0.705882352941,2021-04,2023-12,0.0102635107294,0.0158783157231,0.646385353988,24,-0.020857416223,0.0413844376818
rf_proxy_matched,complete,equal,lowDS_minus_highDS,full,3,34,0.735294117647,2021-04,2023-12,0.00469987118125,0.019980375187,0.235224370777,25,-0.0344609445829,0.0438606869454
rf_proxy_matched,complete,value,lowDS_minus_highDS,full,3,34,0.735294117647,2021-04,2023-12,0.0101381419428,0.0152423214151,0.665131095634,25,-0.0197362590715,0.0400125429572
zero_on_common,complete,equal,lowDS_minus_highDS,full,3,34,0.705882352941,2021-04,2023-12,0.00481702676857,0.0219527441236,0.219427090365,24,-0.0382095610755,0.0478436146127
zero_on_common,complete,value,lowDS_minus_highDS,full,3,34,0.705882352941,2021-04,2023-12,0.0115649281245,0.017735215005,0.652088408362,24,-0.0231954545432,0.0463253107923
zero_rf_matched,complete,equal,lowDS_minus_highDS,full,3,34,0.705882352941,2021-04,2023-12,0.00481702676857,0.0219527441236,0.219427090365,24,-0.0382095610755,0.0478436146127
zero_rf_matched,complete,value,lowDS_minus_highDS,full,3,34,0.705882352941,2021-04,2023-12,0.0115649281245,0.017735215005,0.652088408362,24,-0.0231954545432,0.0463253107923
