specification,missing_policy,weighting,series,period,hac_lags,calendar_months,coverage,first_observed,last_observed,mean,se,t,n,ci_low,ci_high
baseline,complete,equal,lowDS_minus_highDS,full,3,57,0.631578947368,2021-04,2025-11,0.00156148801497,0.0156364235506,0.0998622229645,36,-0.0290853389912,0.0322083150211
baseline,complete,value,lowDS_minus_highDS,full,3,57,0.631578947368,2021-04,2025-11,0.0122665718409,0.0154131009383,0.795853598185,36,-0.0179425508882,0.04247569457
coarse_3x5,complete,equal,lowDS_minus_highDS,full,3,57,0.578947368421,2021-04,2025-11,0.00662441561731,0.0117927152276,0.561737944947,33,-0.0164888815088,0.0297377127434
coarse_3x5,complete,value,lowDS_minus_highDS,full,3,57,0.578947368421,2021-04,2025-11,0.0145650387026,0.0138816066281,1.04923292331,33,-0.012642410336,0.0417724877412
minimum_5_peers,complete,equal,lowDS_minus_highDS,full,3,57,0.631578947368,2021-04,2025-11,0.00156148801497,0.0156364235506,0.0998622229645,36,-0.0290853389912,0.0322083150211
minimum_5_peers,complete,value,lowDS_minus_highDS,full,3,57,0.631578947368,2021-04,2025-11,0.0122665718409,0.0154131009383,0.795853598185,36,-0.0179425508882,0.04247569457
minimum_cell_10,complete,equal,lowDS_minus_highDS,full,3,57,0.631578947368,2021-04,2025-11,0.00156148801497,0.0156364235506,0.0998622229645,36,-0.0290853389912,0.0322083150211
minimum_cell_10,complete,value,lowDS_minus_highDS,full,3,57,0.631578947368,2021-04,2025-11,0.0122665718409,0.0154131009383,0.795853598185,36,-0.0179425508882,0.04247569457
minimum_cell_30,complete,equal,lowDS_minus_highDS,full,3,57,0.631578947368,2021-04,2025-11,0.00156148801497,0.0156364235506,0.0998622229645,36,-0.0290853389912,0.0322083150211
minimum_cell_30,complete,value,lowDS_minus_highDS,full,3,57,0.631578947368,2021-04,2025-11,0.0122665718409,0.0154131009383,0.795853598185,36,-0.0179425508882,0.04247569457
no_bj,complete,equal,lowDS_minus_highDS,full,3,57,0.631578947368,2021-04,2025-11,0.000729935672657,0.0144478201696,0.0505222008641,36,-0.0275872715149,0.0290471428602
no_bj,complete,value,lowDS_minus_highDS,full,3,57,0.631578947368,2021-04,2025-11,0.0155687568975,0.014594696735,1.0667406922,36,-0.0130363230684,0.0441738368635
no_bj_no_bottom20cap,complete,equal,lowDS_minus_highDS,full,3,57,0.964912280702,2021-03,2025-11,0.00973265764268,0.0118087903077,0.824187523793,55,-0.0134121460614,0.0328774613467
no_bj_no_bottom20cap,complete,value,lowDS_minus_highDS,full,3,57,0.964912280702,2021-03,2025-11,0.0180413831534,0.0125655152815,1.43578538159,55,-0.00658657424556,0.0426693405523
