specification,model,coefficient,period,hac_lags,calendar_months,coverage,first_observed,last_observed,mean,se,t,n,ci_low,ci_high
baseline,controls,intercept,full,3,57,0.80701754386,2022-02,2025-11,0.0116558576565,0.00887760652377,1.31295046985,46,-0.00574393139896,0.0290556467121
baseline,controls,intercept,full,6,57,0.80701754386,2022-02,2025-11,0.0116558576565,0.00850825266488,1.36994728714,46,-0.00502001113799,0.0283317264511
baseline,controls,intercept,early_2021_2022,3,22,0.5,2022-02,2022-12,0.00186872102254,0.0122891145902,0.152063113158,11,-0.0222175009761,0.0259549430212
baseline,controls,intercept,early_2021_2022,6,22,0.5,2022-02,2022-12,0.00186872102254,0.0107039474936,0.174582416782,11,-0.0191106305573,0.0228480726024
baseline,controls,intercept,middle_2023,3,12,1,2023-01,2023-12,0.00698082360939,0.00744444471996,0.937722539691,12,-0.00761001992662,0.0215716671454
baseline,controls,intercept,middle_2023,6,12,1,2023-01,2023-12,0.00698082360939,0.00697365100613,1.00102852914,12,-0.00668728120338,0.0206489284222
baseline,controls,intercept,late_2024_2025,3,23,1,2024-01,2025-11,0.0187758103322,0.0154378183114,1.21622174542,23,-0.0114817575581,0.0490333782225
baseline,controls,intercept,late_2024_2025,6,23,1,2024-01,2025-11,0.0187758103322,0.0142123995078,1.32108658513,23,-0.00907998083691,0.0466316015013
baseline,controls,ret_x_ds,full,3,57,0.80701754386,2022-02,2025-11,-0.000863465202303,0.00158472481936,-0.544867595783,46,-0.00396946877366,0.00224253836905
baseline,controls,ret_x_ds,full,6,57,0.80701754386,2022-02,2025-11,-0.000863465202303,0.00119909668458,-0.720096397071,46,-0.00321365151806,0.00148672111345
baseline,controls,ret_x_ds,early_2021_2022,3,22,0.5,2022-02,2022-12,0.000887084002033,0.0040693351266,0.217992368393,11,-0.00708866628713,0.0088628342912
baseline,controls,ret_x_ds,early_2021_2022,6,22,0.5,2022-02,2022-12,0.000887084002033,0.00303015787543,0.292751743804,11,-0.00505191630128,0.00682608430535
baseline,controls,ret_x_ds,middle_2023,3,12,1,2023-01,2023-12,-0.00465463470365,0.00278007928287,-1.67428128123,12,-0.0101034899723,0.000794220564946
baseline,controls,ret_x_ds,middle_2023,6,12,1,2023-01,2023-12,-0.00465463470365,0.00233613559074,-1.99245057611,12,-0.00923337632452,-7.58930827923e-05
baseline,controls,ret_x_ds,late_2024_2025,3,23,1,2024-01,2025-11,0.00027731709198,0.0018463779727,0.150195190844,23,-0.00334151723637,0.00389615142033
baseline,controls,ret_x_ds,late_2024_2025,6,23,1,2024-01,2025-11,0.00027731709198,0.00116816528369,0.237395423278,23,-0.00201224479204,0.002566878976
baseline,controls,z_ds,full,3,57,0.80701754386,2022-02,2025-11,-0.00186961670346,0.0010536007878,-1.7745019984,46,-0.00393463630163,0.000195402894702
baseline,controls,z_ds,full,6,57,0.80701754386,2022-02,2025-11,-0.00186961670346,0.0011226494056,-1.66536114849,46,-0.00406996910571,0.000330735698784
baseline,controls,z_ds,early_2021_2022,3,22,0.5,2022-02,2022-12,-0.00502076350421,0.00199595471388,-2.51546964934,11,-0.00893276285818,-0.00110876415024
baseline,controls,z_ds,early_2021_2022,6,22,0.5,2022-02,2022-12,-0.00502076350421,0.00131936076637,-3.80545157337,11,-0.0076066630889,-0.00243486391952
baseline,controls,z_ds,middle_2023,3,12,1,2023-01,2023-12,-0.00123453961202,0.00229407375095,-0.538142948328,12,-0.00573084154176,0.00326176231772
baseline,controls,z_ds,middle_2023,6,12,1,2023-01,2023-12,-0.00123453961202,0.00246719649192,-0.500381552934,12,-0.00607015587896,0.00360107665493
baseline,controls,z_ds,late_2024_2025,3,23,1,2024-01,2025-11,-0.000693891063862,0.00104269907068,-0.665475862953,23,-0.00273754368911,0.00134976156139
baseline,controls,z_ds,late_2024_2025,6,23,1,2024-01,2025-11,-0.000693891063862,0.00109863686914,-0.631592734009,23,-0.00284717975946,0.00145939763174
baseline,controls,z_logcap,full,3,57,0.80701754386,2022-02,2025-11,-0.00657861696012,0.00311931148192,-2.10899648793,46,-0.0126923551212,-0.000464878799006
baseline,controls,z_logcap,full,6,57,0.80701754386,2022-02,2025-11,-0.00657861696012,0.00286335875157,-2.29751754178,46,-0.012190696988,-0.000966536932233
baseline,controls,z_logcap,early_2021_2022,3,22,0.5,2022-02,2022-12,-0.00509712334022,0.00324357249794,-1.57145349563,11,-0.0114544086174,0.00126016193699
baseline,controls,z_logcap,early_2021_2022,6,22,0.5,2022-02,2022-12,-0.00509712334022,0.00238990222625,-2.13277484084,11,-0.00978124563024,-0.000413001050203
baseline,controls,z_logcap,middle_2023,3,12,1,2023-01,2023-12,-0.0111184634282,0.00565757140453,-1.96523607626,12,-0.0222070996211,-2.98272353705e-05
baseline,controls,z_logcap,middle_2023,6,12,1,2023-01,2023-12,-0.0111184634282,0.00571080970719,-1.946915411,12,-0.0223114447769,7.45179204338e-05
baseline,controls,z_logcap,late_2024_2025,3,23,1,2024-01,2025-11,-0.00491854183846,0.00613084929105,-0.802261090587,23,-0.0169347856436,0.00709770196664
baseline,controls,z_logcap,late_2024_2025,6,23,1,2024-01,2025-11,-0.00491854183846,0.00645613495485,-0.761839997592,23,-0.0175723338293,0.00773525015238
baseline,controls,z_momentum_12_2,full,3,57,0.80701754386,2022-02,2025-11,0.000471977921195,0.00145115816531,0.32524223236,46,-0.00237223981869,0.00331619566108
baseline,controls,z_momentum_12_2,full,6,57,0.80701754386,2022-02,2025-11,0.000471977921195,0.00127340883062,0.37064131318,46,-0.00202385752441,0.0029678133668
baseline,controls,z_momentum_12_2,early_2021_2022,3,22,0.5,2022-02,2022-12,0.000641662530775,0.00190357333769,0.337083167783,11,-0.00308927265303,0.00437259771458
baseline,controls,z_momentum_12_2,early_2021_2022,6,22,0.5,2022-02,2022-12,0.000641662530775,0.0015474037675,0.414670394536,11,-0.00239119312306,0.00367451818461
baseline,controls,z_momentum_12_2,middle_2023,3,12,1,2023-01,2023-12,-0.00372759830901,0.00282711344541,-1.31851741396,12,-0.00926863884222,0.00181344222421
baseline,controls,z_momentum_12_2,middle_2023,6,12,1,2023-01,2023-12,-0.00372759830901,0.00248054823502,-1.50273163665,12,-0.00858938351157,0.00113418689355
baseline,controls,z_momentum_12_2,late_2024_2025,3,23,1,2024-01,2025-11,0.00258190766281,0.00199576745272,1.29369163691,23,-0.00132972466604,0.00649353999165
baseline,controls,z_momentum_12_2,late_2024_2025,6,23,1,2024-01,2025-11,0.00258190766281,0.00168220129034,1.5348387126,23,-0.000715146281009,0.00587896160662
baseline,controls,z_monthly_volatility_12,full,3,57,0.80701754386,2022-02,2025-11,-0.00211124148773,0.00178959524027,-1.17973128237,46,-0.00561878370557,0.00139630073011
baseline,controls,z_monthly_volatility_12,full,6,57,0.80701754386,2022-02,2025-11,-0.00211124148773,0.00156670886068,-1.34756465654,46,-0.00518193442892,0.000959451453458
baseline,controls,z_monthly_volatility_12,early_2021_2022,3,22,0.5,2022-02,2022-12,-0.00239028224679,0.00325314862748,-0.734759619218,11,-0.00876633639301,0.00398577189943
baseline,controls,z_monthly_volatility_12,early_2021_2022,6,22,0.5,2022-02,2022-12,-0.00239028224679,0.00266319236875,-0.897525193763,11,-0.00761004337344,0.00282947887986
baseline,controls,z_monthly_volatility_12,middle_2023,3,12,1,2023-01,2023-12,-0.00334941190479,0.00247468998985,-1.35346727005,12,-0.0081997151578,0.00150089134822
baseline,controls,z_monthly_volatility_12,middle_2023,6,12,1,2023-01,2023-12,-0.00334941190479,0.00214057346169,-1.56472644585,12,-0.00754485879596,0.000846034986379
baseline,controls,z_monthly_volatility_12,late_2024_2025,3,23,1,2024-01,2025-11,-0.00133178525494,0.0028968018424,-0.459743305684,23,-0.00700941253639,0.00434584202652
baseline,controls,z_monthly_volatility_12,late_2024_2025,6,23,1,2024-01,2025-11,-0.00133178525494,0.00263843206987,-0.504763897523,23,-0.00650301708753,0.00383944657766
baseline,controls,z_ret,full,3,57,0.80701754386,2022-02,2025-11,-0.0022273885897,0.00247298069704,-0.900689840549,46,-0.00707434169036,0.00261956451096
baseline,controls,z_ret,full,6,57,0.80701754386,2022-02,2025-11,-0.0022273885897,0.00191336876494,-1.16411882044,46,-0.00597752245812,0.00152274527872
baseline,controls,z_ret,early_2021_2022,3,22,0.5,2022-02,2022-12,-0.00332953928895,0.00510353168313,-0.652399063173,11,-0.0133322775818,0.00667319900395
baseline,controls,z_ret,early_2021_2022,6,22,0.5,2022-02,2022-12,-0.00332953928895,0.00461892127816,-0.720847810222,11,-0.0123824586416,0.00572338006367
baseline,controls,z_ret,middle_2023,3,12,1,2023-01,2023-12,0.00262565147299,0.00565938573741,0.463946370651,12,-0.00846654074696,0.0137178436929
baseline,controls,z_ret,middle_2023,6,12,1,2023-01,2023-12,0.00262565147299,0.00390579972034,0.672244267752,12,-0.00502957530971,0.0102808782557
baseline,controls,z_ret,late_2024_2025,3,23,1,2024-01,2025-11,-0.00423229394016,0.00281473565086,-1.50362039819,23,-0.00974907444185,0.00128448656154
baseline,controls,z_ret,late_2024_2025,6,23,1,2024-01,2025-11,-0.00423229394016,0.00216642561998,-1.95358377464,23,-0.00847841013049,1.382225018e-05
baseline,uncontrolled,intercept,full,3,57,1,2021-03,2025-11,0.0128923444697,0.00764978911383,1.68532024581,57,-0.00210096668268,0.0278856556222
baseline,uncontrolled,intercept,full,6,57,1,2021-03,2025-11,0.0128923444697,0.00715296701785,1.80237717266,57,-0.00112721326784,0.0269119022073
baseline,uncontrolled,intercept,early_2021_2022,3,22,1,2021-03,2022-12,0.0100923645461,0.0100239975585,1.00682033163,22,-0.00955430964964,0.0297390387418
baseline,uncontrolled,intercept,early_2021_2022,6,22,1,2021-03,2022-12,0.0100923645461,0.00833008727203,1.21155567961,22,-0.00623430649519,0.0264190355873
baseline,uncontrolled,intercept,middle_2023,3,12,1,2023-01,2023-12,0.00670491768696,0.00747200654121,0.897338305311,12,-0.00793994602606,0.0213497814
baseline,uncontrolled,intercept,middle_2023,6,12,1,2023-01,2023-12,0.00670491768696,0.00701775879716,0.955421507173,12,-0.00704963680766,0.0204594721816
baseline,uncontrolled,intercept,late_2024_2025,3,23,1,2024-01,2025-11,0.0187988088052,0.0152111409993,1.23585790218,23,-0.0110144797172,0.0486120973275
baseline,uncontrolled,intercept,late_2024_2025,6,23,1,2024-01,2025-11,0.0187988088052,0.0140040380864,1.34238486708,23,-0.00864860148224,0.0462462190925
baseline,uncontrolled,ret_x_ds,full,3,57,1,2021-03,2025-11,-0.000967521931115,0.00201086336025,-0.481147526102,57,-0.00490874169504,0.00297369783281
baseline,uncontrolled,ret_x_ds,full,6,57,1,2021-03,2025-11,-0.000967521931115,0.00171539825426,-0.56402175338,57,-0.00432964072861,0.00239459686638
baseline,uncontrolled,ret_x_ds,early_2021_2022,3,22,1,2021-03,2022-12,-0.00201638963986,0.00434778900007,-0.463773573148,22,-0.0105378994924,0.00650512021267
baseline,uncontrolled,ret_x_ds,early_2021_2022,6,22,1,2021-03,2022-12,-0.00201638963986,0.00366840430295,-0.54966396104,22,-0.00920632995436,0.00517355067465
baseline,uncontrolled,ret_x_ds,middle_2023,3,12,1,2023-01,2023-12,-0.00358700636179,0.00278777581403,-1.28669111187,12,-0.00905094655425,0.00187693383067
baseline,uncontrolled,ret_x_ds,middle_2023,6,12,1,2023-01,2023-12,-0.00358700636179,0.00257317507074,-1.39400012171,12,-0.00863033682636,0.00145632410278
baseline,uncontrolled,ret_x_ds,late_2024_2025,3,23,1,2024-01,2025-11,0.00140243036282,0.00188270621402,0.744901329996,23,-0.00228760601013,0.00509246673576
baseline,uncontrolled,ret_x_ds,late_2024_2025,6,23,1,2024-01,2025-11,0.00140243036282,0.0014404062254,0.973635310707,23,-0.00142071396208,0.00422557468771
baseline,uncontrolled,z_ds,full,3,57,1,2021-03,2025-11,-0.00149183327901,0.00104710942278,-1.42471574274,57,-0.00354413003554,0.000560463477517
baseline,uncontrolled,z_ds,full,6,57,1,2021-03,2025-11,-0.00149183327901,0.00112411670232,-1.32711601557,57,-0.00369506152997,0.000711394971949
baseline,uncontrolled,z_ds,early_2021_2022,3,22,1,2021-03,2022-12,-0.00255188401794,0.00182514649953,-1.39818037544,22,-0.00612910542352,0.00102533738765
baseline,uncontrolled,z_ds,early_2021_2022,6,22,1,2021-03,2022-12,-0.00255188401794,0.0018662217824,-1.36740661909,22,-0.0062096114986,0.00110584346273
baseline,uncontrolled,z_ds,middle_2023,3,12,1,2023-01,2023-12,-0.00248431643479,0.00209346745985,-1.18669933134,12,-0.0065874372589,0.00161880438932
baseline,uncontrolled,z_ds,middle_2023,6,12,1,2023-01,2023-12,-0.00248431643479,0.0022622723309,-1.09815091705,12,-0.00691828872657,0.00194965585698
baseline,uncontrolled,z_ds,late_2024_2025,3,23,1,2024-01,2025-11,3.99455960218e-05,0.0012530175766,0.031879517708,23,-0.00241592372612,0.00249581491816
baseline,uncontrolled,z_ds,late_2024_2025,6,23,1,2024-01,2025-11,3.99455960218e-05,0.0011791880532,0.0338755094349,23,-0.00227122051925,0.0023511117113
baseline,uncontrolled,z_ret,full,3,57,1,2021-03,2025-11,-0.00320918533185,0.00263295229058,-1.21885434207,57,-0.0083696769944,0.00195130633071
baseline,uncontrolled,z_ret,full,6,57,1,2021-03,2025-11,-0.00320918533185,0.00210064018058,-1.52771776981,57,-0.00732636443026,0.000907993766571
baseline,uncontrolled,z_ret,early_2021_2022,3,22,1,2021-03,2022-12,-0.0030342785395,0.00486035902744,-0.624291029196,22,-0.0125604071852,0.00649185010622
baseline,uncontrolled,z_ret,early_2021_2022,6,22,1,2021-03,2022-12,-0.0030342785395,0.00411891340933,-0.73666965968,22,-0.0111072004772,0.00503864339823
baseline,uncontrolled,z_ret,middle_2023,3,12,1,2023-01,2023-12,0.00169139949825,0.00606096972548,0.279064172047,12,-0.0101878828751,0.0135706818716
baseline,uncontrolled,z_ret,middle_2023,6,12,1,2023-01,2023-12,0.00169139949825,0.00436324669242,0.387647001758,12,-0.00686040687456,0.0102432058711
baseline,uncontrolled,z_ret,late_2024_2025,3,23,1,2024-01,2025-11,-0.00593331434892,0.00300418409172,-1.97501689902,23,-0.0118214069716,-4.52217262182e-05
baseline,uncontrolled,z_ret,late_2024_2025,6,23,1,2024-01,2025-11,-0.00593331434892,0.00261958843649,-2.26497959231,23,-0.0110676133388,-0.000799015359073
no_bj,controls,intercept,full,3,57,0.80701754386,2022-02,2025-11,0.0111048610334,0.0086001487232,1.29124058093,46,-0.00575112072573,0.0279608427926
no_bj,controls,intercept,full,6,57,0.80701754386,2022-02,2025-11,0.0111048610334,0.00822619167729,1.34993949437,46,-0.00501817838399,0.0272279004508
no_bj,controls,intercept,early_2021_2022,3,22,0.5,2022-02,2022-12,0.00301055627054,0.0123592233594,0.243587819639,11,-0.0212130763907,0.0272341889318
no_bj,controls,intercept,early_2021_2022,6,22,0.5,2022-02,2022-12,0.00301055627054,0.0107964750796,0.278846220488,11,-0.0181501460455,0.0241712585866
no_bj,controls,intercept,middle_2023,3,12,1,2023-01,2023-12,0.0047630711952,0.00704232450802,0.676349292024,12,-0.00903963120797,0.0185657735984
no_bj,controls,intercept,middle_2023,6,12,1,2023-01,2023-12,0.0047630711952,0.00681284816129,0.699130684031,12,-0.00858986583307,0.0181160082235
no_bj,controls,intercept,late_2024_2025,3,23,1,2024-01,2025-11,0.0182848101834,0.0145087605593,1.2602599725,23,-0.010151837973,0.0467214583399
no_bj,controls,intercept,late_2024_2025,6,23,1,2024-01,2025-11,0.0182848101834,0.0131485371049,1.39063456547,23,-0.00748584899164,0.0440554693585
no_bj,controls,ret_x_ds,full,3,57,0.80701754386,2022-02,2025-11,-0.000884312759561,0.00146124170089,-0.605178978278,46,-0.00374829386601,0.00197966834689
no_bj,controls,ret_x_ds,full,6,57,0.80701754386,2022-02,2025-11,-0.000884312759561,0.00120298905043,-0.735096266457,46,-0.0032421279722,0.00147350245308
no_bj,controls,ret_x_ds,early_2021_2022,3,22,0.5,2022-02,2022-12,0.000120882431735,0.00382255204121,0.0316234888189,11,-0.00737118189807,0.00761294676154
no_bj,controls,ret_x_ds,early_2021_2022,6,22,0.5,2022-02,2022-12,0.000120882431735,0.00273877062989,0.0441374792091,11,-0.00524700936476,0.00548877422823
no_bj,controls,ret_x_ds,middle_2023,3,12,1,2023-01,2023-12,-0.00270261089243,0.00189979450811,-1.42258064274,12,-0.00642613970635,0.0010209179215
no_bj,controls,ret_x_ds,middle_2023,6,12,1,2023-01,2023-12,-0.00270261089243,0.00136255965472,-1.98348078417,12,-0.00537317874247,-3.2043042387e-05
no_bj,controls,ret_x_ds,late_2024_2025,3,23,1,2024-01,2025-11,-0.00041638099912,0.00161391755186,-0.25799397165,23,-0.00357960127478,0.00274683927654
no_bj,controls,ret_x_ds,late_2024_2025,6,23,1,2024-01,2025-11,-0.00041638099912,0.00142278031863,-0.292653049573,23,-0.00320497918155,0.00237221718331
no_bj,controls,z_ds,full,3,57,0.80701754386,2022-02,2025-11,-0.00214303073378,0.00102652154487,-2.08766269396,46,-0.00415497599109,-0.000131085476473
no_bj,controls,z_ds,full,6,57,0.80701754386,2022-02,2025-11,-0.00214303073378,0.00101681200915,-2.10759778062,46,-0.00413594565076,-0.000150115816806
no_bj,controls,z_ds,early_2021_2022,3,22,0.5,2022-02,2022-12,-0.00452471792267,0.00211354462449,-2.14081967811,11,-0.00866718926638,-0.000382246578955
no_bj,controls,z_ds,early_2021_2022,6,22,0.5,2022-02,2022-12,-0.00452471792267,0.00138689832521,-3.26247269927,11,-0.0072429886903,-0.00180644715504
no_bj,controls,z_ds,middle_2023,3,12,1,2023-01,2023-12,-0.00211710077574,0.00162513224733,-1.30272522696,12,-0.00530230145063,0.00106809989914
no_bj,controls,z_ds,middle_2023,6,12,1,2023-01,2023-12,-0.00211710077574,0.00158198275727,-1.33825780718,12,-0.00521773000416,0.000983528452674
no_bj,controls,z_ds,late_2024_2025,3,23,1,2024-01,2025-11,-0.00101749162155,0.00127765446274,-0.796374646842,23,-0.00352164835321,0.00148666511011
no_bj,controls,z_ds,late_2024_2025,6,23,1,2024-01,2025-11,-0.00101749162155,0.00132686738793,-0.766837463043,23,-0.00361810391414,0.00158312067104
no_bj,controls,z_logcap,full,3,57,0.80701754386,2022-02,2025-11,-0.00495625646025,0.00263944618352,-1.87776378666,46,-0.0101294759191,0.000216962998582
no_bj,controls,z_logcap,full,6,57,0.80701754386,2022-02,2025-11,-0.00495625646025,0.00254110851727,-1.95043085589,46,-0.00993673763491,2.42247144054e-05
no_bj,controls,z_logcap,early_2021_2022,3,22,0.5,2022-02,2022-12,-0.0070161105822,0.00328462087536,-2.13604883133,11,-0.0134538492008,-0.000578371963616
no_bj,controls,z_logcap,early_2021_2022,6,22,0.5,2022-02,2022-12,-0.0070161105822,0.00245563978173,-2.85714160294,11,-0.0118290761134,-0.00220314505101
no_bj,controls,z_logcap,middle_2023,3,12,1,2023-01,2023-12,-0.00796499977322,0.00245642776682,-3.24251332801,12,-0.0127795097268,-0.00315048981962
no_bj,controls,z_logcap,middle_2023,6,12,1,2023-01,2023-12,-0.00796499977322,0.00238748921718,-3.33614062669,12,-0.0126443926524,-0.00328560689407
no_bj,controls,z_logcap,late_2024_2025,3,23,1,2024-01,2025-11,-0.00240132971691,0.00498200472343,-0.482000690528,23,-0.0121658795456,0.00736322011182
no_bj,controls,z_logcap,late_2024_2025,6,23,1,2024-01,2025-11,-0.00240132971691,0.00529029275673,-0.453912444421,23,-0.0127701129878,0.00796745355395
no_bj,controls,z_momentum_12_2,full,3,57,0.80701754386,2022-02,2025-11,0.000438694664839,0.001637435508,0.267915690539,46,-0.00277061995784,0.00364800928752
no_bj,controls,z_momentum_12_2,full,6,57,0.80701754386,2022-02,2025-11,0.000438694664839,0.00134759530451,0.325538879046,46,-0.00220254359774,0.00307993292742
no_bj,controls,z_momentum_12_2,early_2021_2022,3,22,0.5,2022-02,2022-12,0.00105999750058,0.00227418656215,0.466099623584,11,-0.00339732625536,0.00551732125652
no_bj,controls,z_momentum_12_2,early_2021_2022,6,22,0.5,2022-02,2022-12,0.00105999750058,0.00192141227889,0.551676239517,11,-0.00270590136549,0.00482589636665
no_bj,controls,z_momentum_12_2,middle_2023,3,12,1,2023-01,2023-12,-0.00108066906338,0.00285105680927,-0.379041574995,12,-0.00666863772742,0.00450729960066
no_bj,controls,z_momentum_12_2,middle_2023,6,12,1,2023-01,2023-12,-0.00108066906338,0.00196589101306,-0.549709549616,12,-0.00493374464651,0.00277240651975
no_bj,controls,z_momentum_12_2,late_2024_2025,3,23,1,2024-01,2025-11,0.000934261340731,0.00259088137065,0.360595954456,23,-0.00414377283395,0.00601229551541
no_bj,controls,z_momentum_12_2,late_2024_2025,6,23,1,2024-01,2025-11,0.000934261340731,0.00214594127614,0.435362025568,23,-0.00327170627344,0.0051402289549
no_bj,controls,z_monthly_volatility_12,full,3,57,0.80701754386,2022-02,2025-11,-0.00291776255929,0.00172285775854,-1.69355975259,46,-0.00629450171651,0.000458976597925
no_bj,controls,z_monthly_volatility_12,full,6,57,0.80701754386,2022-02,2025-11,-0.00291776255929,0.00155511202811,-1.87623946477,46,-0.00596572612632,0.000130201007737
no_bj,controls,z_monthly_volatility_12,early_2021_2022,3,22,0.5,2022-02,2022-12,-0.00107184876725,0.00355164632068,-0.301789274739,11,-0.00803294764161,0.00588925010711
no_bj,controls,z_monthly_volatility_12,early_2021_2022,6,22,0.5,2022-02,2022-12,-0.00107184876725,0.00287417249581,-0.372924300407,11,-0.00670512334439,0.00456142580989
no_bj,controls,z_monthly_volatility_12,middle_2023,3,12,1,2023-01,2023-12,-0.00605734629016,0.00230996958219,-2.62226236088,12,-0.0105848034766,-0.00152988910368
no_bj,controls,z_monthly_volatility_12,middle_2023,6,12,1,2023-01,2023-12,-0.00605734629016,0.00193937506858,-3.12334957187,12,-0.0098584515771,-0.00225624100322
no_bj,controls,z_monthly_volatility_12,late_2024_2025,3,23,1,2024-01,2025-11,-0.00216254720895,0.00240179654661,-0.900387342135,23,-0.00686998193849,0.00254488752059
no_bj,controls,z_monthly_volatility_12,late_2024_2025,6,23,1,2024-01,2025-11,-0.00216254720895,0.00204592102073,-1.05700424749,23,-0.00617247872479,0.00184738430689
no_bj,controls,z_ret,full,3,57,0.80701754386,2022-02,2025-11,-0.00314656230487,0.00241716217124,-1.3017588734,46,-0.0078841131053,0.00159098849556
no_bj,controls,z_ret,full,6,57,0.80701754386,2022-02,2025-11,-0.00314656230487,0.00190350440518,-1.65303652374,46,-0.00687736238345,0.000584237773697
no_bj,controls,z_ret,early_2021_2022,3,22,0.5,2022-02,2022-12,-0.00305565515007,0.00508648742804,-0.600739742956,11,-0.0130249873169,0.00691367701671
no_bj,controls,z_ret,early_2021_2022,6,22,0.5,2022-02,2022-12,-0.00305565515007,0.004716779974,-0.64782651871,11,-0.0123003740221,0.00618906372196
no_bj,controls,z_ret,middle_2023,3,12,1,2023-01,2023-12,-0.000589025850561,0.0045166834809,-0.130411141948,12,-0.00944156280269,0.00826351110157
no_bj,controls,z_ret,middle_2023,6,12,1,2023-01,2023-12,-0.000589025850561,0.00262963001457,-0.223995713198,12,-0.00574300597179,0.00456495427066
no_bj,controls,z_ret,late_2024_2025,3,23,1,2024-01,2025-11,-0.00452440648551,0.0027925214259,-1.62018684747,23,-0.00999764790633,0.00094883493531
no_bj,controls,z_ret,late_2024_2025,6,23,1,2024-01,2025-11,-0.00452440648551,0.00229176490964,-1.97420183304,23,-0.00901618316943,-3.26298015828e-05
no_bj,uncontrolled,intercept,full,3,57,1,2021-03,2025-11,0.0122652633419,0.00743766683979,1.64907404515,57,-0.00231229579305,0.0268428224769
no_bj,uncontrolled,intercept,full,6,57,1,2021-03,2025-11,0.0122652633419,0.00691782113073,1.77299515413,57,-0.00129341692579,0.0258239436097
no_bj,uncontrolled,intercept,early_2021_2022,3,22,1,2021-03,2022-12,0.010158861395,0.00991985629143,1.02409360545,22,-0.00928369966801,0.029601422458
no_bj,uncontrolled,intercept,early_2021_2022,6,22,1,2021-03,2022-12,0.010158861395,0.0081365418172,1.24854780117,22,-0.00578846752541,0.0261061903154
no_bj,uncontrolled,intercept,middle_2023,3,12,1,2023-01,2023-12,0.00464645421887,0.0071943101417,0.645851252913,12,-0.00945413455248,0.0187470429902
no_bj,uncontrolled,intercept,middle_2023,6,12,1,2023-01,2023-12,0.00464645421887,0.00697964998205,0.665714502993,12,-0.00903340837065,0.0183263168084
no_bj,uncontrolled,intercept,late_2024_2025,3,23,1,2024-01,2025-11,0.0182551134423,0.0142948160876,1.27704430267,23,-0.00976221125502,0.0462724381397
no_bj,uncontrolled,intercept,late_2024_2025,6,23,1,2024-01,2025-11,0.0182551134423,0.0129529448786,1.4093407803,23,-0.00713219201347,0.0436424188982
no_bj,uncontrolled,ret_x_ds,full,3,57,1,2021-03,2025-11,-0.00118742635942,0.00194634612606,-0.610079750731,57,-0.00500219466794,0.0026273419491
no_bj,uncontrolled,ret_x_ds,full,6,57,1,2021-03,2025-11,-0.00118742635942,0.00170912786785,-0.694755718258,57,-0.00453725542538,0.00216240270653
no_bj,uncontrolled,ret_x_ds,early_2021_2022,3,22,1,2021-03,2022-12,-0.00210550206626,0.00426222624233,-0.493991155455,22,-0.0104593119952,0.00624830786267
no_bj,uncontrolled,ret_x_ds,early_2021_2022,6,22,1,2021-03,2022-12,-0.00210550206626,0.00352179369897,-0.597849347869,22,-0.00900809087722,0.0047970867447
no_bj,uncontrolled,ret_x_ds,middle_2023,3,12,1,2023-01,2023-12,-0.00154311667109,0.00200996389404,-0.767733527782,12,-0.00548257351364,0.00239634017146
no_bj,uncontrolled,ret_x_ds,middle_2023,6,12,1,2023-01,2023-12,-0.00154311667109,0.0016276616167,-0.948057418849,12,-0.00473327481884,0.00164704147666
no_bj,uncontrolled,ret_x_ds,late_2024_2025,3,23,1,2024-01,2025-11,-0.000123689433752,0.0019246012426,-0.0642675641137,23,-0.00389583855385,0.00364845968634
no_bj,uncontrolled,ret_x_ds,late_2024_2025,6,23,1,2024-01,2025-11,-0.000123689433752,0.00181896588666,-0.067999864461,23,-0.00368879706071,0.00344141819321
no_bj,uncontrolled,z_ds,full,3,57,1,2021-03,2025-11,-0.00174464179996,0.00101075938814,-1.72607033922,57,-0.00372569379775,0.000236410197829
no_bj,uncontrolled,z_ds,full,6,57,1,2021-03,2025-11,-0.00174464179996,0.00104883085507,-1.66341578485,57,-0.00380031250177,0.000311028901845
no_bj,uncontrolled,z_ds,early_2021_2022,3,22,1,2021-03,2022-12,-0.00252924620232,0.00174947555253,-1.44571680276,22,-0.00595815527711,0.000899662872475
no_bj,uncontrolled,z_ds,early_2021_2022,6,22,1,2021-03,2022-12,-0.00252924620232,0.00174763431674,-1.44723995065,22,-0.00595454652127,0.00089605411664
no_bj,uncontrolled,z_ds,middle_2023,3,12,1,2023-01,2023-12,-0.00336183543416,0.00167839856273,-2.00300185475,12,-0.00665143616882,-7.22346995055e-05
no_bj,uncontrolled,z_ds,middle_2023,6,12,1,2023-01,2023-12,-0.00336183543416,0.00169525825571,-1.98308158821,12,-0.00668448055985,-3.91903084765e-05
no_bj,uncontrolled,z_ds,late_2024_2025,3,23,1,2024-01,2025-11,-0.000150397432039,0.00126883434732,-0.118531967831,23,-0.00263726705513,0.00233647219106
no_bj,uncontrolled,z_ds,late_2024_2025,6,23,1,2024-01,2025-11,-0.000150397432039,0.0011551438747,-0.130198008519,23,-0.00241443782342,0.00211364295934
no_bj,uncontrolled,z_ret,full,3,57,1,2021-03,2025-11,-0.00376857139807,0.00252764955355,-1.4909390397,57,-0.00872267348856,0.00118553069243
no_bj,uncontrolled,z_ret,full,6,57,1,2021-03,2025-11,-0.00376857139807,0.00212111832227,-1.7766907949,57,-0.00792588691666,0.000388744120524
no_bj,uncontrolled,z_ret,early_2021_2022,3,22,1,2021-03,2022-12,-0.00290255335717,0.00484622932957,-0.598930252735,22,-0.012400988304,0.00659588158961
no_bj,uncontrolled,z_ret,early_2021_2022,6,22,1,2021-03,2022-12,-0.00290255335717,0.0041860805876,-0.693382102047,22,-0.0111071205453,0.00530201383092
no_bj,uncontrolled,z_ret,middle_2023,3,12,1,2023-01,2023-12,-0.00207998057358,0.00447100297182,-0.465215654448,12,-0.0108429853731,0.00668302422596
no_bj,uncontrolled,z_ret,middle_2023,6,12,1,2023-01,2023-12,-0.00207998057358,0.00257105817523,-0.80899786462,12,-0.00711916199919,0.00295920085204
no_bj,uncontrolled,z_ret,late_2024_2025,3,23,1,2024-01,2025-11,-0.0054779403891,0.0026752895348,-2.04760655541,23,-0.0107214115255,-0.000234469252661
no_bj,uncontrolled,z_ret,late_2024_2025,6,23,1,2024-01,2025-11,-0.0054779403891,0.00250472093733,-2.18704619243,23,-0.0103871032176,-0.000568777560598
no_bj_no_bottom20cap,controls,intercept,full,3,57,0.80701754386,2022-02,2025-11,0.00840915118435,0.0083783090563,1.00368118768,46,-0.00801203281735,0.024830335186
no_bj_no_bottom20cap,controls,intercept,full,6,57,0.80701754386,2022-02,2025-11,0.00840915118435,0.00787949051753,1.06722016679,46,-0.00703436644653,0.0238526688152
no_bj_no_bottom20cap,controls,intercept,early_2021_2022,3,22,0.5,2022-02,2022-12,0.000114093390591,0.0124175093775,0.00918810585298,11,-0.024223777767,0.0244519645482
no_bj_no_bottom20cap,controls,intercept,early_2021_2022,6,22,0.5,2022-02,2022-12,0.000114093390591,0.0106555535581,0.010707410926,11,-0.0207704078186,0.0209985945998
no_bj_no_bottom20cap,controls,intercept,middle_2023,3,12,1,2023-01,2023-12,0.00116591888178,0.00743396287429,0.156836791022,12,-0.0134043806142,0.0157362183778
no_bj_no_bottom20cap,controls,intercept,middle_2023,6,12,1,2023-01,2023-12,0.00116591888178,0.00744448755634,0.156615062213,12,-0.013425008612,0.0157568463756
no_bj_no_bottom20cap,controls,intercept,late_2024_2025,3,23,1,2024-01,2025-11,0.016155430461,0.0137748276605,1.17282269217,23,-0.0108427356469,0.0431535965688
no_bj_no_bottom20cap,controls,intercept,late_2024_2025,6,23,1,2024-01,2025-11,0.016155430461,0.0119890990351,1.34750996832,23,-0.00734277185486,0.0396536327768
no_bj_no_bottom20cap,controls,ret_x_ds,full,3,57,0.80701754386,2022-02,2025-11,-0.000972047868403,0.00148432318357,-0.65487616118,46,-0.00388126784961,0.0019371721128
no_bj_no_bottom20cap,controls,ret_x_ds,full,6,57,0.80701754386,2022-02,2025-11,-0.000972047868403,0.00120163928902,-0.808934825353,46,-0.0033272175973,0.00138312186049
no_bj_no_bottom20cap,controls,ret_x_ds,early_2021_2022,3,22,0.5,2022-02,2022-12,-0.000690180676101,0.00377463073167,-0.182847204181,11,-0.0080883209651,0.0067079596129
no_bj_no_bottom20cap,controls,ret_x_ds,early_2021_2022,6,22,0.5,2022-02,2022-12,-0.000690180676101,0.00270938850419,-0.254736696134,11,-0.00600048456443,0.00462012321223
no_bj_no_bottom20cap,controls,ret_x_ds,middle_2023,3,12,1,2023-01,2023-12,-0.00372746806184,0.0019767075067,-1.88569530353,12,-0.00760174358296,0.000146807459268
no_bj_no_bottom20cap,controls,ret_x_ds,middle_2023,6,12,1,2023-01,2023-12,-0.00372746806184,0.00135575349914,-2.74937004714,12,-0.00638469609207,-0.00107024003162
no_bj_no_bottom20cap,controls,ret_x_ds,late_2024_2025,3,23,1,2024-01,2025-11,0.000330756618813,0.00150827474334,0.219294674444,23,-0.00262540755692,0.00328692079455
no_bj_no_bottom20cap,controls,ret_x_ds,late_2024_2025,6,23,1,2024-01,2025-11,0.000330756618813,0.00109924961137,0.300893095973,23,-0.00182373302949,0.00248524626712
no_bj_no_bottom20cap,controls,z_ds,full,3,57,0.80701754386,2022-02,2025-11,-0.00163020669284,0.00089412907607,-1.82323418002,46,-0.00338266747947,0.000122254093786
no_bj_no_bottom20cap,controls,z_ds,full,6,57,0.80701754386,2022-02,2025-11,-0.00163020669284,0.000911874189254,-1.78775395998,46,-0.00341744726221,0.000157033876529
no_bj_no_bottom20cap,controls,z_ds,early_2021_2022,3,22,0.5,2022-02,2022-12,-0.00354311446985,0.00146639157352,-2.41621305921,11,-0.00641718914119,-0.000669039798521
no_bj_no_bottom20cap,controls,z_ds,early_2021_2022,6,22,0.5,2022-02,2022-12,-0.00354311446985,0.0010241931057,-3.45942034772,11,-0.00555049607024,-0.00153573286946
no_bj_no_bottom20cap,controls,z_ds,middle_2023,3,12,1,2023-01,2023-12,-0.000879661979964,0.00125950751892,-0.698417410574,12,-0.00334825135531,0.00158892739538
no_bj_no_bottom20cap,controls,z_ds,middle_2023,6,12,1,2023-01,2023-12,-0.000879661979964,0.00119276097655,-0.737500636978,12,-0.00321743053616,0.00145810657623
no_bj_no_bottom20cap,controls,z_ds,late_2024_2025,3,23,1,2024-01,2025-11,-0.00110692630186,0.00140443420931,-0.788165294266,23,-0.00385956677076,0.00164571416705
no_bj_no_bottom20cap,controls,z_ds,late_2024_2025,6,23,1,2024-01,2025-11,-0.00110692630186,0.00150635012689,-0.734839983148,23,-0.00405931829867,0.00184546569495
no_bj_no_bottom20cap,controls,z_logcap,full,3,57,0.80701754386,2022-02,2025-11,-0.00324442809796,0.00217760877043,-1.48990403695,46,-0.00751246286042,0.00102360666451
no_bj_no_bottom20cap,controls,z_logcap,full,6,57,0.80701754386,2022-02,2025-11,-0.00324442809796,0.00215989928087,-1.50212008804,46,-0.0074777528987,0.000988896702793
no_bj_no_bottom20cap,controls,z_logcap,early_2021_2022,3,22,0.5,2022-02,2022-12,-0.00584451403146,0.00270482156624,-2.16077618738,11,-0.0111458668859,-0.000543161177016
no_bj_no_bottom20cap,controls,z_logcap,early_2021_2022,6,22,0.5,2022-02,2022-12,-0.00584451403146,0.00211960879153,-2.75735506232,11,-0.00999887092417,-0.00169015713875
no_bj_no_bottom20cap,controls,z_logcap,middle_2023,3,12,1,2023-01,2023-12,-0.00596697173072,0.00166873674814,-3.57574179232,12,-0.00923763565676,-0.00269630780468
no_bj_no_bottom20cap,controls,z_logcap,middle_2023,6,12,1,2023-01,2023-12,-0.00596697173072,0.00156941604197,-3.80203309457,12,-0.00904297064974,-0.0028909728117
no_bj_no_bottom20cap,controls,z_logcap,late_2024_2025,3,23,1,2024-01,2025-11,-0.000580451190923,0.00413170318016,-0.140487146732,23,-0.00867844061884,0.007517538237
no_bj_no_bottom20cap,controls,z_logcap,late_2024_2025,6,23,1,2024-01,2025-11,-0.000580451190923,0.00441892879627,-0.131355633386,23,-0.00924139248187,0.00808049010002
no_bj_no_bottom20cap,controls,z_momentum_12_2,full,3,57,0.80701754386,2022-02,2025-11,-0.000173549447959,0.0017673105624,-0.0981997457893,46,-0.00363741449977,0.00329031560385
no_bj_no_bottom20cap,controls,z_momentum_12_2,full,6,57,0.80701754386,2022-02,2025-11,-0.000173549447959,0.0015249190662,-0.113808956689,46,-0.00316233589705,0.00281523700113
no_bj_no_bottom20cap,controls,z_momentum_12_2,early_2021_2022,3,22,0.5,2022-02,2022-12,-0.000499315269244,0.00251081355851,-0.198865928357,11,-0.00542041941582,0.00442178887733
no_bj_no_bottom20cap,controls,z_momentum_12_2,early_2021_2022,6,22,0.5,2022-02,2022-12,-0.000499315269244,0.00182776744448,-0.273183150708,11,-0.00408167363253,0.00308304309405
no_bj_no_bottom20cap,controls,z_momentum_12_2,middle_2023,3,12,1,2023-01,2023-12,-0.00213008299161,0.0027834979741,-0.765254011834,12,-0.00758563877188,0.00332547278866
no_bj_no_bottom20cap,controls,z_momentum_12_2,middle_2023,6,12,1,2023-01,2023-12,-0.00213008299161,0.00203944979818,-1.04444002177,12,-0.00612733114431,0.00186716516109
no_bj_no_bottom20cap,controls,z_momentum_12_2,late_2024_2025,3,23,1,2024-01,2025-11,0.00100305170673,0.00278276828166,0.360451034801,23,-0.00445107390264,0.00645717731611
no_bj_no_bottom20cap,controls,z_momentum_12_2,late_2024_2025,6,23,1,2024-01,2025-11,0.00100305170673,0.00246475459756,0.40695804269,23,-0.00382777853521,0.00583388194868
no_bj_no_bottom20cap,controls,z_monthly_volatility_12,full,3,57,0.80701754386,2022-02,2025-11,-0.0020968978041,0.00182750666826,-1.14740911239,46,-0.0056787450554,0.00148494944719
no_bj_no_bottom20cap,controls,z_monthly_volatility_12,full,6,57,0.80701754386,2022-02,2025-11,-0.0020968978041,0.00166848153683,-1.25677015767,46,-0.00536706152515,0.00117326591694
no_bj_no_bottom20cap,controls,z_monthly_volatility_12,early_2021_2022,3,22,0.5,2022-02,2022-12,0.000613123503871,0.00383234555267,0.159986487504,11,-0.00689813575567,0.00812438276341
no_bj_no_bottom20cap,controls,z_monthly_volatility_12,early_2021_2022,6,22,0.5,2022-02,2022-12,0.000613123503871,0.00305778453885,0.200512330441,11,-0.00538002406477,0.00660627107251
no_bj_no_bottom20cap,controls,z_monthly_volatility_12,middle_2023,3,12,1,2023-01,2023-12,-0.00459738333832,0.00220751164049,-2.08260887689,12,-0.00892402664913,-0.000270740027505
no_bj_no_bottom20cap,controls,z_monthly_volatility_12,middle_2023,6,12,1,2023-01,2023-12,-0.00459738333832,0.0018191123171,-2.52726744529,12,-0.00816277796366,-0.00103198871298
no_bj_no_bottom20cap,controls,z_monthly_volatility_12,late_2024_2025,3,23,1,2024-01,2025-11,-0.00208839380311,0.00268796468365,-0.776942426297,23,-0.00735670777478,0.00317992016855
no_bj_no_bottom20cap,controls,z_monthly_volatility_12,late_2024_2025,6,23,1,2024-01,2025-11,-0.00208839380311,0.00245990350182,-0.848973872987,23,-0.00690971607212,0.0027329284659
no_bj_no_bottom20cap,controls,z_ret,full,3,57,0.80701754386,2022-02,2025-11,-0.00384018369816,0.00235077491966,-1.63358204396,46,-0.00844761787645,0.000767250480137
no_bj_no_bottom20cap,controls,z_ret,full,6,57,0.80701754386,2022-02,2025-11,-0.00384018369816,0.00181062173668,-2.12091991407,46,-0.00738893709166,-0.000291430304647
no_bj_no_bottom20cap,controls,z_ret,early_2021_2022,3,22,0.5,2022-02,2022-12,-0.00415628124576,0.00483516468738,-0.859594556645,11,-0.0136330298923,0.00532046740084
no_bj_no_bottom20cap,controls,z_ret,early_2021_2022,6,22,0.5,2022-02,2022-12,-0.00415628124576,0.00459585053506,-0.904355181712,11,-0.0131639827728,0.00485142028129
no_bj_no_bottom20cap,controls,z_ret,middle_2023,3,12,1,2023-01,2023-12,-0.000953133450201,0.00451794081687,-0.210966342596,12,-0.00980813473556,0.00790186783515
no_bj_no_bottom20cap,controls,z_ret,middle_2023,6,12,1,2023-01,2023-12,-0.000953133450201,0.00258566030028,-0.368622842721,12,-0.00602093451501,0.00411466761461
no_bj_no_bottom20cap,controls,z_ret,late_2024_2025,3,23,1,2024-01,2025-11,-0.00519529369606,0.00262861900032,-1.97643465844,23,-0.0103472922658,-4.3295126361e-05
no_bj_no_bottom20cap,controls,z_ret,late_2024_2025,6,23,1,2024-01,2025-11,-0.00519529369606,0.00206260691807,-2.51879970466,23,-0.00923792896974,-0.00115265842238
no_bj_no_bottom20cap,uncontrolled,intercept,full,3,57,1,2021-03,2025-11,0.00916722135464,0.00728980156925,1.25754058839,57,-0.00512052717554,0.0234549698848
no_bj_no_bottom20cap,uncontrolled,intercept,full,6,57,1,2021-03,2025-11,0.00916722135464,0.00668723130156,1.37085453474,57,-0.00393951115272,0.022273953862
no_bj_no_bottom20cap,uncontrolled,intercept,early_2021_2022,3,22,1,2021-03,2022-12,0.00646826977998,0.009996650084,0.647043732214,22,-0.0131248043507,0.0260613439107
no_bj_no_bottom20cap,uncontrolled,intercept,early_2021_2022,6,22,1,2021-03,2022-12,0.00646826977998,0.00819823136782,0.788983561182,22,-0.00959996843788,0.0225365079978
no_bj_no_bottom20cap,uncontrolled,intercept,middle_2023,3,12,1,2023-01,2023-12,0.000970266049115,0.00761978778428,0.127335048768,12,-0.0139642435779,0.0159047756761
no_bj_no_bottom20cap,uncontrolled,intercept,middle_2023,6,12,1,2023-01,2023-12,0.000970266049115,0.00763650505109,0.127056296385,12,-0.0139970088188,0.015937540917
no_bj_no_bottom20cap,uncontrolled,intercept,late_2024_2025,3,23,1,2024-01,2025-11,0.016025499542,0.013558079744,1.18198888372,23,-0.0105478484558,0.0425988475398
no_bj_no_bottom20cap,uncontrolled,intercept,late_2024_2025,6,23,1,2024-01,2025-11,0.016025499542,0.0118159759173,1.35625695703,23,-0.00713338769818,0.0391843867821
no_bj_no_bottom20cap,uncontrolled,ret_x_ds,full,3,57,1,2021-03,2025-11,-0.00140852791524,0.00204912661964,-0.687379638595,57,-0.0054247422895,0.00260768645901
no_bj_no_bottom20cap,uncontrolled,ret_x_ds,full,6,57,1,2021-03,2025-11,-0.00140852791524,0.00177051101939,-0.795548799085,57,-0.00487866574748,0.00206160991699
no_bj_no_bottom20cap,uncontrolled,ret_x_ds,early_2021_2022,3,22,1,2021-03,2022-12,-0.00288271829505,0.00447863301426,-0.643660305695,22,-0.011660677703,0.00589524111286
no_bj_no_bottom20cap,uncontrolled,ret_x_ds,early_2021_2022,6,22,1,2021-03,2022-12,-0.00288271829505,0.00367616572615,-0.784164401117,22,-0.0100878707195,0.0043224341294
no_bj_no_bottom20cap,uncontrolled,ret_x_ds,middle_2023,3,12,1,2023-01,2023-12,-0.00192831483443,0.00224717677405,-0.858105537889,12,-0.00633270037846,0.0024760707096
no_bj_no_bottom20cap,uncontrolled,ret_x_ds,middle_2023,6,12,1,2023-01,2023-12,-0.00192831483443,0.00172402732525,-1.1184943569,12,-0.00530734630027,0.00145071663142
no_bj_no_bottom20cap,uncontrolled,ret_x_ds,late_2024_2025,3,23,1,2024-01,2025-11,0.000272760405889,0.00185340467565,0.147167215812,23,-0.00335984600717,0.00390536681895
no_bj_no_bottom20cap,uncontrolled,ret_x_ds,late_2024_2025,6,23,1,2024-01,2025-11,0.000272760405889,0.0015519961579,0.175748119286,23,-0.00276909616773,0.00331461697951
no_bj_no_bottom20cap,uncontrolled,z_ds,full,3,57,1,2021-03,2025-11,-0.00139715560858,0.000909275519455,-1.53655913822,57,-0.00317930287874,0.000384991661575
no_bj_no_bottom20cap,uncontrolled,z_ds,full,6,57,1,2021-03,2025-11,-0.00139715560858,0.000929617090909,-1.50293666311,57,-0.00321917162618,0.000424860409015
no_bj_no_bottom20cap,uncontrolled,z_ds,early_2021_2022,3,22,1,2021-03,2022-12,-0.00175541785365,0.00161723791247,-1.08544193783,22,-0.00492514591651,0.00141431020922
no_bj_no_bottom20cap,uncontrolled,z_ds,early_2021_2022,6,22,1,2021-03,2022-12,-0.00175541785365,0.00158951971749,-1.10436997687,22,-0.00487081925265,0.00135998354536
no_bj_no_bottom20cap,uncontrolled,z_ds,middle_2023,3,12,1,2023-01,2023-12,-0.00204131677711,0.00122799878891,-1.6623117185,12,-0.00444815017644,0.000365516622221
no_bj_no_bottom20cap,uncontrolled,z_ds,middle_2023,6,12,1,2023-01,2023-12,-0.00204131677711,0.00122866302509,-1.66141304444,12,-0.00444945205543,0.00036681850121
no_bj_no_bottom20cap,uncontrolled,z_ds,late_2024_2025,3,23,1,2024-01,2025-11,-0.000718385894937,0.00143236468736,-0.501538400995,23,-0.00352576909488,0.00208899730501
no_bj_no_bottom20cap,uncontrolled,z_ds,late_2024_2025,6,23,1,2024-01,2025-11,-0.000718385894937,0.00146573771841,-0.490118993263,23,-0.00359117903381,0.00215440724394
no_bj_no_bottom20cap,uncontrolled,z_ret,full,3,57,1,2021-03,2025-11,-0.00392096557998,0.00258094087147,-1.51920008061,57,-0.00897951673429,0.00113758557434
no_bj_no_bottom20cap,uncontrolled,z_ret,full,6,57,1,2021-03,2025-11,-0.00392096557998,0.00215579982538,-1.81879854234,57,-0.00814625559559,0.00030432443564
no_bj_no_bottom20cap,uncontrolled,z_ret,early_2021_2022,3,22,1,2021-03,2022-12,-0.00287530886677,0.00507075817895,-0.567037268451,22,-0.0128138122718,0.00706319453828
no_bj_no_bottom20cap,uncontrolled,z_ret,early_2021_2022,6,22,1,2021-03,2022-12,-0.00287530886677,0.00448665247585,-0.640858386569,22,-0.0116689861306,0.00591836839704
no_bj_no_bottom20cap,uncontrolled,z_ret,middle_2023,3,12,1,2023-01,2023-12,-0.00261005320328,0.0045767420122,-0.570286285818,12,-0.0115803027137,0.00636019630715
no_bj_no_bottom20cap,uncontrolled,z_ret,middle_2023,6,12,1,2023-01,2023-12,-0.00261005320328,0.00255025769585,-1.02344684913,12,-0.00760846643845,0.00238836003189
no_bj_no_bottom20cap,uncontrolled,z_ret,late_2024_2025,3,23,1,2024-01,2025-11,-0.00560511324132,0.00254640862048,-2.20118373628,23,-0.0105959824274,-0.000614244055261
no_bj_no_bottom20cap,uncontrolled,z_ret,late_2024_2025,6,23,1,2024-01,2025-11,-0.00560511324132,0.00222701528472,-2.51687237163,23,-0.0099699829924,-0.00124024349024
